Operation,Wall Time [s],CPU Time [s],CPU/Wall [%],RSS Before [MB],RSS After [MB],RSS Change [MB],Peak Python Memory [MB]
FTCS Solver,19.80432040099913,19.582193005,98.87838920244937,168.53515625,169.52734375,0.9921875,1.4076948165893555
FTCS Animation,49.894223168997996,49.651084362000006,99.5126914669571,169.52734375,422.3203125,252.79296875,221.5231170654297
BTCS Solver,559.592447682,12622.947500928,2255.7394320127155,312.63671875,315.0234375,2.38671875,2.4998912811279297
BTCS Animation,49.85913218699716,49.79089476400077,99.86313956941636,315.0234375,435.7578125,120.734375,221.5083417892456
Crank-Nicolson Solver,275.3268611700005,6347.6648986380005,2305.5014943560614,335.90234375,335.91015625,0.0078125,3.7151002883911133
Crank-Nicolson Animation,47.749632144001225,48.404724468000495,101.37193166645488,335.91015625,456.65234375,120.7421875,221.5020513534546
Analytical Solution,39.556482448999304,39.422473416001594,99.66122105733115,356.80078125,357.12109375,0.3203125,1.5154294967651367
Analytical Animation,49.62631435399817,49.11047732499719,98.96055744675824,357.12109375,477.875,120.75390625,221.50897312164307
Error Analysis + Animation,103.97554726499948,102.97592933599663,99.03860286836947,378.01953125,763.94140625,385.921875,884.4347829818726
